{
    "performance": {
        "accuracy": 0.9562841530054644,
        "precision": 0.9484536082474226,
        "recall": 0.968421052631579,
        "f1_score": 0.9583333333333333,
        "true_positives": 