{
    "performance": {
        "accuracy": 0.953551912568306,
        "precision": 0.9390862944162437,
        "recall": 0.9736842105263158,
        "f1_score": 0.9560723514211886,
        "true_positives": 