{
    "performance": {
        "accuracy": 0.932,
        "precision": 0.9347826086956522,
        "recall": 0.9416058394160584,
        "f1_score": 0.9381818181818182,
        "true_positives": 